Image_Name,Brusing_Percentage
image_01.png,9.54623287671233
image_02.png,11.18133203694701
image_03.png,1.6467065868263475
mean,7.46
median,9.55
range,9.53
